ID,Label,Definition,Type,Parent Class,PROMOT Cross-reference,Associated Phenotype (URI),Associated Phenotype (label),Assesses Phenotype (URI),Assesses Phenotype (label),Assesses Function (URI),Assesses Function (label),Captures Data About (URI),Captures Data About (label),Associated Function (URI),Associated Function (label),Involved In (URI),Involved In (label),Located In (URI),Located In (label)
ID,LABEL,A IAO:0000115,TYPE,SC %,A oboInOwl:hasDbXref,A nmdo:associated_phenotype SPLIT=|,A nmdo:associated_phenotype_label SPLIT=|,A nmdo:assesses_phenotype SPLIT=|,A nmdo:assesses_phenotype_label SPLIT=|,A nmdo:assesses_function SPLIT=|,A nmdo:assesses_function_label SPLIT=|,A nmdo:captures_data_about SPLIT=|,A nmdo:captures_data_about_label SPLIT=|,A nmdo:associated_function SPLIT=|,A nmdo:associated_function_label SPLIT=|,A nmdo:involved_in SPLIT=|,A nmdo:involved_in_label SPLIT=|,A nmdo:located_in SPLIT=|,A nmdo:located_in_label SPLIT=|
http://purl.obolibrary.org/obo/PROMOT_0100005,Assessment of expiratory and cough peak flows using an expiratory flowmeter,A test assessing the subject’s expiratory peak flow when they expirate and when they cough. It assesses the glottis efficiency to clear out the repiratory tract by using an expiratory flowmeter.,owl:Class,http://purl.obolibrary.org/obo/PROMOT_0100002,http://purl.obolibrary.org/obo/PROMOT_0100005,"","",http://purl.obolibrary.org/obo/HP_0012735|http://purl.obolibrary.org/obo/HP_0012735,Cough|Cough ,http://id.who.int/icd/entity/1083127119|http://id.who.int/icd/entity/1360101629|http://id.who.int/icd/entity/1470583183|http://id.who.int/icd/entity/446199613,Functions of coughing|Respiratory muscle functions|Functions of breathing through the mouth|Respiration functions,"","","","","","","",""
http://purl.obolibrary.org/obo/PROMOT_0100006,Quantative muscle testing,Measurement of maximum isometric force generation from a muscle group; performed with specialized equipment.,owl:Class,http://snomed.info/id/12894003,http://purl.obolibrary.org/obo/PROMOT_0100006,"","","","","","","","","","","","","",""
http://purl.obolibrary.org/obo/PROMOT_0100007,Assessment using Dysphagimeter,"An assessment that uses the Dysphagimeter scale to assess dysphagia or swallowing impairements. The Dysphagimeter is a patient-reported questionnaire that measures the ability to swallow foods of different textures and the impact of dysphagia on activities and participation. This questionnaire has three parts. Part A includes 24 items concerning solid foods, Part B includes 3 items on liquids and Part C includes 8 items, namely 6 items on the impact of dysphagia at meal times and 2 items on discomfort related to thick saliva. Each item offers 5 choices of descriptive answers. Parts A and B also include an option 'I cannot answer'. The participant must carefully read the instructions and check the answer that best corresponds to their situation for each item.",owl:Class,http://snomed.info/id/12894003,http://purl.obolibrary.org/obo/PROMOT_0100007,"","",http://purl.obolibrary.org/obo/HP_0002068|http://purl.obolibrary.org/obo/HP_0200136,Neuromuscular dysphagia|Oral-pharyngeal dysphagia,"","","","","","","","","",""
http://purl.obolibrary.org/obo/PROMOT_0100008,Assessment of pinch strengh using B & L gauge,"An evaluation procedure that uses a B&L gauge to assess pinch strengh. The test measuring the force of the lateral clamps, between the thumb and the index finger, allows quantifying the maximum voluntary strength of the hand and forearm muscles during a pinching action. This is an indicator of the level of hand function.",owl:Class,http://snomed.info/id/12894003,http://purl.obolibrary.org/obo/PROMOT_0100008,"","",http://purl.obolibrary.org/obo/HP_0003392,First dorsal interossei muscle weakness,"","","","","","","","","",""
http://purl.obolibrary.org/obo/PROMOT_0100009,Assessment of the maximum isometric muscle strength using MedUP dynamometer,Assessment of the maximum isometric muscle strength of flexor and extensor muscles using MedUP dynamometer. It assesses the maximum isometric muscle strength in upper and lower limbs.,owl:Class,http://snomed.info/id/12894003,http://purl.obolibrary.org/obo/PROMOT_0100009,"","",http://purl.obolibrary.org/obo/HP_0003547|http://purl.obolibrary.org/obo/HP_0003694|http://purl.obolibrary.org/obo/HP_0003731|http://purl.obolibrary.org/obo/HP_0003810|http://purl.obolibrary.org/obo/HP_0008997|http://purl.obolibrary.org/obo/HP_0008997|http://purl.obolibrary.org/obo/HP_0009063|http://purl.obolibrary.org/obo/HP_0009073|http://purl.obolibrary.org/obo/HP_0012515,Shoulder girdle muscle weakness|Late-onset proximal muscle weakness|Quadriceps muscle weakness|Late-onset distal muscle weakness|Proximal muscle weakness in upper limbs|Proximal upper limb muscle weakness|Progressive distal muscle weakness|Progressive proximal muscle weakness|Hip flexor weakness,"","","","","","","","","",""
http://purl.obolibrary.org/obo/PROMOT_0100010,Assessment of tongue strengh using Iowa Oral Performance Instrument,Assessment of the strengh of the tongue muscle by using Iowa Oral Performance Instrument.,owl:Class,http://snomed.info/id/12894003,http://purl.obolibrary.org/obo/PROMOT_0100010,"","",http://purl.obolibrary.org/obo/HP_0000183,Tongue muscle weakness,"","","","","","","","","",""
http://purl.obolibrary.org/obo/PROMOT_0100011,Assessment using Berg Balance Scale,"An assessment with the Berg scale assesses balance and identifies the level of fall risk. This five-level ordinal scale (0 to 4) contains 14 items and the maximum total score ranges from 0 (maximum reach) to 56 (no reach detected). This generic scale evaluates various dimensions of balance, including the following: maintaining multiple positions, having automatic postural responses when changing posture or voluntary movements of the limbs, and produce effective balance and protection reactions.",owl:Class,http://snomed.info/id/840297006,http://purl.obolibrary.org/obo/PROMOT_0100011,"","",http://purl.obolibrary.org/obo/HP_0002141,Gait imbalance,"","","","","","","","","",""
http://purl.obolibrary.org/obo/PROMOT_0100012,10 Meter Walk Test (10MWT),"The 10mwt is a capacity test that evaluates the subject’s walking speed over a short distance for two different conditions, first at comfortable speed and then at maximum speed.",owl:Class,http://snomed.info/id/12894003,http://purl.obolibrary.org/obo/PROMOT_0100012,"","",http://purl.obolibrary.org/obo/HP_0002317|http://purl.obolibrary.org/obo/HP_0002505,Unsteady gait|Loss of ambulation,"","","","","","","","","",""
http://purl.obolibrary.org/obo/PROMOT_0100013,Assessment using Sydney Swallow Questionnaire (SSQ),The Sydney swallowing questionnaire is a self-reported questionnaire that aims to assess the severity of swallowing problems. It contains 17 questions. The participant answers questions 1 to 11 and 13 to 17 by drawing an X on a line (analogue visual scale questions) and question 12 by checking the answer of their choice among 6 options. A validated French-Canadian version has been created.,owl:Class,http://snomed.info/id/840297006,http://purl.obolibrary.org/obo/PROMOT_0100013,"","","","","","","","","","","","","",""
http://purl.obolibrary.org/obo/PROMOT_0100014,80 ml water swallowing test,The goal of the 80 ml water swallowing test is to swallow the quickliest possible water without choking.,owl:Class,http://snomed.info/id/12894003,http://purl.obolibrary.org/obo/PROMOT_0100014,"","",http://purl.obolibrary.org/obo/HP_0002068|http://purl.obolibrary.org/obo/HP_0200136,Neuromuscular dysphagia|Oral-pharyngeal dysphagia,"","","","","","","","","",""
http://purl.obolibrary.org/obo/PROMOT_0100015,Assessment using Fatigue Severity Scale (FSS),Assessment using Fatigue Severity scale. It follows a 9-item scale which measures the severity of fatigue and its effect on a person's activities and lifestyle in patients with a variety of disorders.  A 9-item questionnaire with questions related to how fatigue interferes with certain activities and rates its severity according to a self-report scale. The items are scored on a 7 point scale with 1 = strongly disagree and 7= strongly agree. The minimum score = 9 and maximum score possible = 63. Higher the score = greater fatigue severity. Another way of scoring: mean of all the scores with minimum score being 1 and maximum score being 7. Lerdal (2011) found that items 1 and 2 in the FSS-9 should not be used in a mean score because the FSS-7 shows better validity and reliability and is likely more sensitive for measuring change in fatigue.,owl:Class,http://snomed.info/id/840297006,http://purl.obolibrary.org/obo/PROMOT_0100015,"","",http://purl.obolibrary.org/obo/HP_0012378,Fatigue,"","","","","","","","","",""
http://purl.obolibrary.org/obo/PROMOT_0100016,Assessment using Hand Jamar dynanometer,"Test measuring the grip force allows quantifying the maximum voluntary force of the muscles of the hand and forearm, during a finger flexion action. This is an indicator of the level of hand function.",owl:Class,http://snomed.info/id/12894003,http://purl.obolibrary.org/obo/PROMOT_0100016,"","",http://purl.obolibrary.org/obo/HP_0009005|http://purl.obolibrary.org/obo/HP_0031177|http://purl.obolibrary.org/obo/HP_0033466,Weakness of the intrinsic hand muscles|Finger flexor weakness|Weak grip,"","","","","","","","","",""
http://purl.obolibrary.org/obo/PROMOT_0100017,Stair Climb Test,"The Stair Climb Test evaluates a subject’s ability to climb and descend a 10 steps stair following two different conditions, at comfortable speed and at maximum speed. This test is intended for participants who have the ability to use stairs.",owl:Class,http://snomed.info/id/12894003,http://purl.obolibrary.org/obo/PROMOT_0100017,"","",http://purl.obolibrary.org/obo/HP_0003551|http://purl.obolibrary.org/obo/HP_0033235,Difficulty climbing stairs|Difficulty descending stairs,"","","","","","","","","",""
